﻿Designator,Footprint,Quantity,Value,LCSC Part #
"3V3, BATT-5V1, BATT-GND1, GND-OUT1, POWER1, POWER2",SolderWirePad_1x01_SMD_1.5x3mm,6,Conn_01x01_Pin,
D1,D_DO-201AD_P15.24mm_Horizontal,1,SR560,
J1,PinHeader_1x22_P2.54mm_Vertical,1,ESP32,
J2,PinHeader_1x02_P2.54mm_Vertical,1,ESP32-2,
POWER-SW1,Slide_Switch_SK13D07_3PDT_Angled,1,Power-SW,
"SW-0, SW-1, SW-2, SW-3, SW-4, SW-5, SW-6, SW-7, SW-8, SW-9, SW-ASTERISK1, SW-DOT1, SW-EXP1, SW-MINUS1, SW-MPLUS1, SW-PLUS1, SW-RCM1, SW-SLASH1",membrane-contact-tenkey,18,SW_Push_45deg,
"SW-2NDF1, SW-A1, SW-B1, SW-BASIC1, SW-BS1, SW-C1, SW-CAPS1, SW-CLS1, SW-COMMA1, SW-COS1, SW-D1, SW-DEG1, SW-DOWN1, SW-E1, SW-F1, SW-FE1, SW-G1, SW-H1, SW-I1, SW-INV1, SW-J1, SW-K1, SW-KANA1, SW-L1, SW-LBRACKET1, SW-LEFT1, SW-LN1, SW-LOG1, SW-M1, SW-MDF1, SW-N1, SW-NPR1, SW-O1, SW-OFF1, SW-ON1, SW-P1, SW-PI1, SW-Q1, SW-R1, SW-RBRACKET1, SW-RIGHT1, SW-ROOT1, SW-S1, SW-SEMICOLON1, SW-SIN1, SW-T1, SW-TAN1, SW-TEXT1, SW-U1, SW-UP1, SW-V1, SW-W1, SW-X1, SW-XSQ1, SW-Y1, SW-YX1, SW-Z1",membrane-contact-fullkey,57,SW_Push_45deg,
"SW-ANS1, SW-CONST1, SW-INS1, SW-SHIFT1, SW-TAB1",membrane-contact-long,5,SW_Push_45deg,
SW-ENTER1,membrane-contact-enter,1,SW_Push_45deg,
SW-RESET1,membrane-contact-reset,1,SW_Push_45deg,
SW-SPACE1,membrane-contact-spacekey,1,SW_Push_45deg,
